<?xml version="1.0" encoding="UTF-8"?>
<!DOCTYPE log4j:configuration SYSTEM "log4j.dtd">

<log4j:configuration xmlns:log4j="http://jakarta.apache.org/log4j/" debug="true">

       <appender name="INFO_FILE" class="org.apache.log4j.DailyRollingFileAppender">
                <param name="File" value="C:/logs/pou/info.txt" />
                <param name="DatePattern" value="'.'yyyy-MM-dd" />
                <param name="Threshold" value="INFO" />
                <layout class="org.apache.log4j.PatternLayout">
                        <param name="ConversionPattern" value="%d{ISO8601} [%t %-5p %-5C{1}]: %m%n" />
                </layout>
        </appender>
        
        <appender name="DEBUG_FILE" class="org.apache.log4j.DailyRollingFileAppender">
                <param name="File" value="C:/logs/pou/trc.txt" />
                <param name="DatePattern" value="'.'yyyy-MM-dd" />
                <param name="Threshold" value="DEBUG" />
                <layout class="org.apache.log4j.PatternLayout">
                        <param name="ConversionPattern" value="%d{ISO8601} [%t %-5p %-5C{1}]: %m%n" />
                </layout>
        </appender>


		<category name="br.com.bicbanco">
                <priority value="INFO"/>
        </category>
        <category name="com.ibatis">
                <priority value="INFO"/>
        </category>
        <category name="org.acegisecurity">
                <priority value="INFO"/>
        </category>

		<category name="org.apache">
                <priority value="INFO"/>
        </category>
		
		<category name="org.springframework">
                <priority value="INFO"/>
        </category>
		
		<category name="org.hibernate">
              <priority value="INFO"/>
         </category>
        <category name="org.ajax4jsf">
			<priority value="INFO"/>
        </category>
        <category name="org.richfaces">
			<priority value="INFO"/>
        </category>
        <root>
                <appender-ref ref="INFO_FILE"/> 
				<appender-ref ref="DEBUG_FILE"/>
        </root>
</log4j:configuration>
