<?xml version="1.0" encoding="UTF-8"?>

<beans xmlns="http://www.springframework.org/schema/beans"
    xmlns:aop="http://www.springframework.org/schema/aop" xmlns:xsi="http://www.w3.org/2001/XMLSchema-instance"
    xmlns:tx="http://www.springframework.org/schema/tx"
    xsi:schemaLocation="
    http://www.springframework.org/schema/beans http://www.springframework.org/schema/beans/spring-beans-2.0.xsd
    http://www.springframework.org/schema/aop http://www.springframework.org/schema/aop/spring-aop-2.0.xsd
    http://www.springframework.org/schema/tx http://www.springframework.org/schema/tx/spring-tx-2.0.xsd 
    http://www.springframework.org/schema/jee http://www.springframework.org/schema/jee/spring-jee-2.0.xsd"
    default-lazy-init="true">
    
    <!-- 
	<bean id="jndiTemplate" class="org.springframework.jndi.JndiTemplate">
    	<property name="environment">
        	<value>
            	java.naming.factory.initial=com.ibm.websphere.naming.WsnInitialContextFactory
                java.naming.provider.url=corbaloc::wasintd02.bicbanco.com.br:9813
            </value>
        </property>
	</bean>
	 -->
	 <bean id="jndiTemplate" class="org.springframework.jndi.JndiTemplate">
    	<property name="environment">
        	<value>
            	java.naming.factory.initial=com.ibm.websphere.naming.WsnInitialContextFactory
                java.naming.provider.url=corbaloc::wasintd02.bicbanco.com.br:9813
            </value>
        </property>
	</bean>
	<bean id="jndiTemplateC1" class="org.springframework.jndi.JndiTemplate">
    	<property name="environment">
        	<value>
            	java.naming.factory.initial=com.ibm.websphere.naming.WsnInitialContextFactory
                java.naming.provider.url=corbaloc::wasintd02.bicbanco.com.br:9810
            </value>
        </property>
	</bean>	

	<bean id="jndiTemplateCGP" class="org.springframework.jndi.JndiTemplate">
    	<property name="environment">
        	<value>
            	java.naming.factory.initial=com.ibm.websphere.naming.WsnInitialContextFactory
                java.naming.provider.url=corbaloc::wasintd02.bicbanco.com.br:9810
            </value>
        </property>
	</bean>

	<bean id="jndiTemplateLocal" class="org.springframework.jndi.JndiTemplate" />
</beans>