<?xml version="1.0" encoding="UTF-8"?>
<!DOCTYPE beans PUBLIC '-//SPRING//DTD BEAN//EN' 'spring-beans.dtd'>
<beans>
	<bean id="pessoaCGPFacade" class="org.springframework.ejb.access.SimpleRemoteStatelessSessionProxyFactoryBean">
		<property name="jndiName" value="ejb/PessoaCGP" />
		<property name="jndiTemplate" ref="jndiTemplate" />
		<property name="businessInterface" value="br.com.bicbanco.cgp.facade.PessoaCGPFacade" />
		<property name="homeInterface" value="br.com.bicbanco.cgp.ejb.PessoaCGPHome" />
        <property name="lookupHomeOnStartup" value="false" />
	</bean>
	
	<bean id="produtoClienteContaFacade"
		class="org.springframework.ejb.access.SimpleRemoteStatelessSessionProxyFactoryBean">
		<property name="jndiName" value="ejb/ProdutoClienteConta" />
		<property name="jndiTemplate" ref="jndiTemplate" />
		<property name="businessInterface" value="br.com.bicbanco.ctt.facade.ProdutoClienteContaFacade" />
		<property name="homeInterface" value="br.com.bicbanco.ctt.ejb.ProdutoClienteContaHome" />
		<property name="lookupHomeOnStartup" value="false" />
	</bean>	
</beans>