<?xml version="1.0" encoding="UTF-8"?>
<beans xmlns="http://www.springframework.org/schema/beans"
	xmlns:aop="http://www.springframework.org/schema/aop"
	xmlns:xsi="http://www.w3.org/2001/XMLSchema-instance"
	xmlns:tx="http://www.springframework.org/schema/tx"
	xsi:schemaLocation="
	http://www.springframework.org/schema/beans http://www.springframework.org/schema/beans/spring-beans-2.0.xsd
	http://www.springframework.org/schema/aop http://www.springframework.org/schema/aop/spring-aop-2.0.xsd
	http://www.springframework.org/schema/tx http://www.springframework.org/schema/tx/spring-tx-2.0.xsd">
		
	
	<!-- Configuracoes para o controle Transacional -->	
	<bean id="txManager" class="org.springframework.transaction.jta.WebSphereUowTransactionManager" />
	
	<tx:advice id="txAdvice" transaction-manager="txManager">	
		<tx:attributes>			
			<tx:method name="insert*" propagation="REQUIRED"/>
			<tx:method name="update*" propagation="REQUIRED"/>
			<tx:method name="delete*" propagation="REQUIRED"/>												
			<tx:method name="*"       propagation="SUPPORTS" read-only="true"/>		
		</tx:attributes>
	</tx:advice>
		
	<aop:config>
		<aop:pointcut id="serviceOperation"
			expression="execution(public * br.com.bicbanco.pou..*Service.*(..))" />
		<aop:advisor advice-ref="txAdvice"
			pointcut-ref="serviceOperation" />
	</aop:config> 
	
	<!-- Configuracoes para o ibatis -->	
	<bean id="sqlMapClient" class="org.springframework.orm.ibatis.SqlMapClientFactoryBean">
		<property name="configLocation" value="classpath:/ibatis/POU-sqlmap-config.xml"/>
		<property name="dataSource" ref="POUDTBCorpDataSource" />
	</bean>	
</beans>