<?xml version="1.0" encoding="UTF-8"?>
<!DOCTYPE beans PUBLIC '-//SPRING//DTD BEAN//EN' 'spring-beans.dtd'>
<beans>
	<bean id="poupancaService"
		class="br.com.bicbanco.pou.impl.service.PoupancaServiceImpl">
		<property name="aniversarioDAO" ref="aniversarioDAO" />
		<property name="movimentoDAO" ref="movimentoDAO" />
		<property name="contaPoupancaDAO" ref="contaPoupancaDAO" />
		<property name="extratoContaPoupancaDAO" ref="extratoContaPoupancaDAO" />
	</bean>	

	<bean id="informacoesContaService"
		class="br.com.bicbanco.pou.impl.service.InformacoesContaServiceImpl">
		<property name="produtoClienteContaFacade" ref="produtoClienteContaFacade" />
		<property name="pessoaCGPFacade" ref="pessoaCGPFacade" />
		<property name="bicSender" ref="fepSender" />
	</bean>
		
	<bean id="informacoesPedidoService"
		class="br.com.bicbanco.pou.planos.impl.service.InformacoesPedidoServiceImpl">
	</bean>	
	
	<bean id="fepSender" class="br.com.bicbanco.bicbase.ejb.BicSender">
		<property name="queueFactory" ref="fepConnectionFactory" />
		<property name="queueSender" ref="fepQueueReq" />
	</bean>
	
	<bean id="fepConnectionFactory" class="org.springframework.jndi.JndiObjectFactoryBean" lazy-init="true">
		<property name="jndiName" value="jms/MQQCF" />
		<property name="resourceRef" value="false" />
		<property name="expectedType" value="javax.jms.QueueConnectionFactory" />
	</bean>        
	
	<bean id="fepQueueReq" class="org.springframework.jndi.JndiObjectFactoryBean">
		<property name="jndiName" value="jms/IntegracaoFEP/saida" />
		<property name="resourceRef" value="false" />
		<property name="expectedType" value="javax.jms.Queue" />
	</bean>
	
	<bean id="layoutBootstrap" class="net.sf.layoutParser.build.ConfigBuilder">
		<constructor-arg index="0" type="java.lang.String" value="configuration.xml"/>
	</bean>
</beans>