<?xml version="1.0" encoding="iso-8859-1"?>
<layouts nameSpace="layoutScad" xmlns="http://layoutparser.sourceforge.net/" xmlns:xsi="http://www.w3.org/2001/XMLSchema-instance"
	xsi:schemaLocation="http://layoutparser.sourceforge.net/ http://layoutparser.sourceforge.net/xsd/layout.xsd">

	<layout code="SCAD" class="br.com.bicbanco.pou.to.MensagemFepScadTO" ignoreNonClassParameter="true">
		<description>Layout da mensagem SCAD que � enviada para o FEP</description>
		<item name="codigoTransacao" index="0" size="9" filler=" " type="java.lang.String" alignment="LEFT" mask="allExceptLineBreak">
			<nullValue>SCAD</nullValue>
		</item>
		<item name="identificacaoCanal" index="1" size="3" filler=" " type="java.lang.String" alignment="LEFT" mask="allExceptLineBreak">
			<nullValue>CCA</nullValue>
		</item>
		<item name="anoMovimento" index="2" size="4" filler="0" type="java.lang.Integer" alignment="RIGHT" mask="numeric" />
		<item name="mesMovimento" index="3" size="2" filler="0" type="java.lang.Integer" alignment="RIGHT" mask="numeric" />
		<item name="diaMovimento" index="4" size="2" filler="0" type="java.lang.Integer" alignment="RIGHT" mask="numeric" />
		<item name="numeroSequencialUnico" index="5" size="9" filler="0" type="java.lang.Integer" alignment="RIGHT" mask="numeric" />
		<item name="meioOrigem" index="6" size="1" filler=" " type="java.lang.String" alignment="LEFT" mask="alphanumeric" />
		<item name="codigoAgencia" index="7" size="5" filler="0" type="java.lang.Integer" alignment="RIGHT" mask="numeric" />
		<item name="numeroConta" index="8" size="9" filler="0" type="java.lang.Integer" alignment="RIGHT" mask="numeric" />
		<item name="codigoGerente" index="9" size="3" filler="0" type="java.lang.Integer" alignment="RIGHT" mask="numeric" />
		<item name="tipoPessoa" index="10" size="1" filler=" " type="java.lang.String" alignment="LEFT" mask="alphanumeric" />
		<item name="codigoPrimeiroTitular" index="11" size="7" filler="0" type="java.lang.Integer" alignment="RIGHT" mask="numeric" />
		<item name="digitoCodigoPrimeiroTitular" index="12" size="1" filler="0" type="java.lang.Integer" alignment="RIGHT" mask="numeric" />
		<item name="dataNascimentoPrimeiroTitular" index="13" size="8" filler="0" type="java.util.Date" alignment="RIGHT" mask="numericDate">
			<format>yyyyMMdd</format>
		</item>
		<item name="nomePrimeiroTitular" index="14" size="40" filler=" " type="java.lang.String" alignment="LEFT" mask="allExceptLineBreak" />
		<item name="cpfCnpjPrimeiroTitular" index="15" size="14" filler="0" type="java.lang.Long" alignment="RIGHT" mask="numeric" />
		<item name="codigoSegundoTitular" index="16" size="7" filler="0" type="java.lang.Integer" alignment="RIGHT" mask="numeric" />
		<item name="digitoCodigoSegundoTitular" index="17" size="1" filler="0" type="java.lang.Integer" alignment="RIGHT" mask="numeric" />
		<item name="dataNascimentoSegundoTitular" index="18" size="8" filler="0" type="java.util.Date" alignment="RIGHT" mask="numericDate">
			<format>yyyyMMdd</format>
		</item>
		<item name="nomeSegundoTitular" index="19" size="40" filler=" " type="java.lang.String" alignment="LEFT" mask="allExceptLineBreak" />
		<item name="cpfCnpjSegundoTitular" index="20" size="14" filler="0" type="java.lang.Long" alignment="RIGHT" mask="numeric" />
		<item name="indicadorTalaoCheques" index="21" size="1" filler=" " type="java.lang.String" alignment="LEFT" mask="alphanumeric" />
		<item name="indicadorVencimentoCadastralPrimeiroTitular" index="22" size="1" filler=" " type="java.lang.String" alignment="LEFT" mask="alphanumeric" />
		<item name="indicadorVencimentoCadastralSegundoTitular" index="23" size="1" filler=" " type="java.lang.String" alignment="LEFT" mask="alphanumeric" />
		<item name="indicadorFatcaPrimeiroTitular" index="24" size="1" filler=" " type="java.lang.String" alignment="LEFT" mask="alphanumeric" />
		<item name="indicadorFatcaSegundoTitular" index="25" size="1" filler=" " type="java.lang.String" alignment="LEFT" mask="alphanumeric" />
		<item name="indicadorTipoClientePrimeiroTitular" index="26" size="1" filler=" " type="java.lang.String" alignment="LEFT" mask="alphanumeric" />
		<item name="indicadorTipoClienteSegundoTitular" index="27" size="1" filler=" " type="java.lang.String" alignment="LEFT" mask="alphanumeric" />
		<item name="indicadorLivre3" index="28" size="1" filler=" " type="java.lang.String" alignment="LEFT" mask="alphanumeric" />
	</layout>
</layouts>