<?xml version="1.0" encoding="UTF-8" ?>
<!DOCTYPE sqlMap
PUBLIC "-//iBATIS.com//DTD SQL Map 2.0//EN"
"http://www.ibatis.com/dtd/sql-map-2.dtd">
<sqlMap namespace="aniversario">
	<!--
		*************************************************************** *
		DECLARACAO DO ALIAS PARA OS OBJETOS UTILIZADOS NO SQL MAP *
		***************************************************************
	-->
	<typeAlias alias="aniversarioDTO" type="br.com.bicbanco.pou.dto.AniversarioDTO" />
	<!--
		*********************************************************** * RESULT
		SET MAP QUE FAZ O PARSE DAS COLUNAS DA TABELA *
		***********************************************************
	-->
	<resultMap id="aniversarioMap" class="aniversarioDTO">
		<result property="codOrgao" column="CODAGE" />
		<result property="codPlataforma" column="CODPLA" />
		<result property="numConta" column="NUMCTA" />
		<result property="numSeq" column="CODSEQ" />
		<result property="dataAniversario" column="DATUCR" />
		<result property="saldo" column="SLDATU" typeHandler="money"/>
	</resultMap>
	<!--
		*************************************************************** *
		STATEMENT DA QUERY FIND_BY_ID *
		***************************************************************
	-->
	<statement id="findById" parameterClass="aniversarioDTO"
		resultMap="aniversarioMap"> 
		SELECT A.CODAGE, A.CODPLA, A.NUMCTA, A.CODSEQ,
		A.DATUCR, A.SLDATU FROM VW_CONSULTA_SALDOS A WHERE A.CODAGE = #codOrgao# 
		AND A.CODPLA = #codPlataforma# AND A.NUMCTA = #numConta# 
		AND A.DATUCR = #dataAniversario#</statement>
	<!--
		************************************************************* *
		STATEMENT DA QUERY FIND_BY_EXAMPLE *
		*************************************************************
	-->
	<statement id="findByExample" parameterClass="aniversarioDTO"
		resultMap="aniversarioMap">
		SELECT A.CODAGE, A.CODPLA, A.NUMCTA, A.CODSEQ,
		A.DATUCR, A.SLDATU FROM VW_CONSULTA_SALDOS A WHERE A.CODAGE = #codOrgao# 
		AND A.CODPLA = #codPlataforma# AND A.NUMCTA = #numConta#
		<dynamic prepend="">
			<isNotNull property="dataAniversario" prepend="AND"> A.DATUCR = #dataAniversario#
			</isNotNull>
		</dynamic>
	</statement>
</sqlMap>