<?xml version="1.0" encoding="UTF-8" ?>
<!DOCTYPE sqlMap
PUBLIC "-//iBATIS.com//DTD SQL Map 2.0//EN"
"http://www.ibatis.com/dtd/sql-map-2.dtd">
<sqlMap namespace="contaPoupanca">
	<!--
		*************************************************************** *
		DECLARACAO DO ALIAS PARA OS OBJETOS UTILIZADOS NO SQL MAP *
		***************************************************************
	-->
	<typeAlias alias="contaPoupancaDTO" type="br.com.bicbanco.pou.dto.ContaPoupancaDTO" />
	<!--
		*********************************************************** * RESULT
		SET MAP QUE FAZ O PARSE DAS COLUNAS DA TABELA *
		***********************************************************
	-->
	<resultMap id="contaPoupancaMap" class="contaPoupancaDTO">
		<result property="codOrgao" column="COD_ORG" />
		<result property="numConta" column="NUM_CTA" />
		<result property="cpfCnpjRaiz" column="CPF_CNPJ_RAIZ" />
		<result property="filialCnpj" column="FILIAL_CNPJ" />
		<result property="cpfCnpjDigito" column="CPF_CNPJ_DGT" />
		<result property="codigoTitular" column="COD_CLI" />
		<result property="codigoCoTitular" column="COD_CO_TIT" />
		<result property="dataAbertura" column="DAT_ABR" />
		<result property="dataFechamento" column="DAT_FEC" />
		<result property="ultimaSeqLancto" column="ULTSEQLAN" />
	</resultMap>
	<!--
		************************************************************* *
		STATEMENT DA QUERY FIND_BY_EXAMPLE *
		*************************************************************
	-->
	<statement id="findByExample" parameterClass="contaPoupancaDTO"	resultMap="contaPoupancaMap">
		SELECT COD_ORG
		      ,NUM_CTA
		      ,CPF_CNPJ_RAIZ
		      ,FILIAL_CNPJ
		      ,CPF_CNPJ_DGT
		      ,COD_CLI
		      ,COD_CO_TIT
		      ,DAT_ABR
		      ,DAT_FEC
		      ,ULTSEQLAN
		FROM VW_CADCTA
		<dynamic prepend="WHERE">
			<isNotNull property="codOrgao" prepend="AND">
				COD_ORG = #codOrgao#
		    </isNotNull>
			<isNotNull property="numConta" prepend="AND">
				NUM_CTA = #numConta#
		    </isNotNull>
			<isNotNull property="cpfCnpjRaiz" prepend="AND">
				CPF_CNPJ_RAIZ = #cpfCnpjRaiz#
		    </isNotNull>
			<isNotNull property="filialCnpj" prepend="AND">
				FILIAL_CNPJ = #filialCnpj#
		    </isNotNull>
			<isNotNull property="cpfCnpjDigito" prepend="AND">
				CPF_CNPJ_DGT = #cpfCnpjDigito#
		    </isNotNull>
		</dynamic>
	</statement>
</sqlMap>