<?xml version="1.0" encoding="UTF-8" ?>
<!DOCTYPE sqlMap
PUBLIC "-//iBATIS.com//DTD SQL Map 2.0//EN"
"http://www.ibatis.com/dtd/sql-map-2.dtd">
<sqlMap namespace="extratoContaPoupanca">
	<!--
		*************************************************************** *
		DECLARACAO DO ALIAS PARA OS OBJETOS UTILIZADOS NO SQL MAP *
		***************************************************************
	-->
	<typeAlias alias="extratoContaPoupancaDTO" type="br.com.bicbanco.pou.dto.ExtratoContaPoupancaDTO" />
	<!--
		*********************************************************** * RESULT
		SET MAP QUE FAZ O PARSE DAS COLUNAS DA TABELA *
		***********************************************************
	-->
	<resultMap id="extratoContaPoupancaMap" class="extratoContaPoupancaDTO">
		<result property="codOrgao" column="COD_ORG" />
		<result property="numConta" column="NUM_CTA" />
		<result property="dataLancto" column="DAT_LAN" />
		<result property="seqLancto" column="NUM_SEQ" />
		<result property="numDocumento" column="NUM_DOC" />
		<result property="descrLancto" 	column="DES_LAN" />
		<result property="codLancto" column="COD_LAN" />
		<result property="localLancto" column="LOC_LAN" />
		<result property="valorLancto" column="VLR_LAN" typeHandler="money" />
		<result property="naturezaValorLancto" column="NAT_LAN" />
		<result property="valorSaldo" column="VLR_SLD" typeHandler="money" />
		<result property="naturezaValorSaldo" column="NAT_SLD" />
	</resultMap>
	
	<sql id="campos">
			COD_ORG
	      ,NUM_CTA
	      ,DAT_LAN
	      ,NUM_SEQ
	      ,NUM_DOC
	      ,DES_LAN
	      ,COD_LAN
	      ,LOC_LAN
	      ,VLR_LAN
	      ,NAT_LAN
	      ,VLR_SLD
	      ,NAT_SLD
	</sql>
	<!--
		************************************************************* *
		STATEMENT DA QUERY FIND_BY_EXAMPLE *
		*************************************************************
	-->
	<statement id="findByExample" parameterClass="extratoContaPoupancaDTO"	resultMap="extratoContaPoupancaMap">
		SELECT 
			<include refid="campos"/> 
		FROM VW_EXTCTA
		<dynamic prepend="WHERE">
			<isNotNull property="codOrgao" prepend="AND">
				COD_ORG = #codOrgao#
		    </isNotNull>
			<isNotNull property="numConta" prepend="AND">
				NUM_CTA = #numConta#
		    </isNotNull>
		</dynamic>
	</statement>

	<statement id="filter" parameterClass="br.com.bicbanco.bicbase.view.filter.CrudFilter"	resultMap="extratoContaPoupancaMap">
		SELECT 
			<include refid="campos"/> 
		FROM VW_EXTCTA
		WHERE 1=1
		<iterate property="filters" prepend="AND" conjunction="AND">
			<isEqual property="filters[].fieldName" compareValue="codOrgao">
				<isEqual property="filters[].type" compareValue="=">
					COD_ORG = #filters[].value#
				</isEqual>
			</isEqual>
			<isEqual property="filters[].fieldName" compareValue="numConta">
				<isEqual property="filters[].type" compareValue="=">
					NUM_CTA = #filters[].value#
				</isEqual>
			</isEqual>
			<isEqual property="filters[].fieldName" compareValue="dataLancto">
				<isEqual property="filters[].type" compareValue="between">
					CONVERT(DATETIME, SUBSTRING(dat_lan,1,2)+'/'+SUBSTRING(dat_lan,3,2)+'/'+SUBSTRING(dat_lan,5,4), 103)  BETWEEN #filters[].startValue# AND #filters[].endValue#
				</isEqual>
			</isEqual>
		</iterate>
		<isNotNull property="orderBy">
			ORDER BY
			<isEqual property="orderBy" compareValue="codOrgao">COD_ORG</isEqual>
			<isEqual property="orderBy" compareValue="numConta">NUM_CTA</isEqual>
			<isEqual property="orderBy" compareValue="dataLancto">DAT_LAN</isEqual>
			<isEqual property="orderBy" compareValue="numSequencia">NUM_SEQ</isEqual>
			<isNotNull property="descending">
				<isEqual property="descending" compareValue="true">
					DESC
				</isEqual>
				<isEqual property="descending" compareValue="false">
					ASC
				</isEqual>
			</isNotNull>
		</isNotNull>
		<isNull property="orderBy">
			ORDER BY NUM_SEQ
		</isNull>	
	</statement>
</sqlMap>