<?xml version="1.0" encoding="UTF-8" ?>
<!DOCTYPE sqlMap
PUBLIC "-//iBATIS.com//DTD SQL Map 2.0//EN"
"http://www.ibatis.com/dtd/sql-map-2.dtd">
<sqlMap namespace="movimento">
	<!--
		*************************************************************** *
		DECLARACAO DO ALIAS PARA OS OBJETOS UTILIZADOS NO SQL MAP *
		***************************************************************
	-->
	<typeAlias alias="movimentoDTO" type="br.com.bicbanco.pou.dto.MovimentoDTO" />
	<!--
		*********************************************************** 
		* RESULT SET MAP QUE FAZ O PARSE DAS COLUNAS DA TABELA *
		***********************************************************
	-->
	<resultMap id="movimentoMap" class="movimentoDTO">
		<result property="aniversario.codOrgao" column="CODAGE" />
		<result property="aniversario.codPlataforma" column="CODPLA" />
		<result property="aniversario.numConta" column="NUMCTA" />
		<result property="aniversario.numSeq" column="CODSEQ" />
		<result property="aniversario.dataAniversario" column="DATUCR" />
		<result property="aniversario.saldo" column="SLDATU" typeHandler="money"/>
		<result property="codMovimento" column="CODMOV" />
		<result property="descMovimento" column="TITMOV" />
		<result property="dataLancamento" column="DATCOM" />
		<result property="valor" column="VALLAN" typeHandler="money"/>
	</resultMap>
	<!--
		*************************************************************** *
		STATEMENT DA QUERY FIND_BY_ID *
		***************************************************************
	-->
	<statement id="findById" parameterClass="movimentoDTO"
		resultMap="movimentoMap"> 
		SELECT A.CODAGE, A.CODPLA, A.NUMCTA, A.CODSEQ, A.DATUCR, A.SLDATU, 
		A.CODMOV, A.TITMOV, A.DATCOM, A.VALLAN
		FROM VW_CONSULTA_LANCTOS A
		WHERE A.CODAGE = #aniversario.codOrgao# AND A.CODPLA = #aniversario.codPlataforma# 
		AND A.NUMCTA = #aniversario.numConta# AND A.CODSEQ = #aniversario.numSeq#
		AND A.DATUCR = #aniversario.dataAniversario# AND A.DATCOM = #dataLancamento#
	</statement>
	<!--
		************************************************************* *
		STATEMENT DA QUERY FIND_BY_EXAMPLE *
		*************************************************************
	-->
	<statement id="findByExample" parameterClass="movimentoDTO"
		resultMap="movimentoMap">
		SELECT A.CODAGE, A.CODPLA, A.NUMCTA, A.CODSEQ, A.DATUCR, A.SLDATU, 
		A.CODMOV, A.TITMOV, A.DATCOM, A.VALLAN
		FROM VW_CONSULTA_LANCTOS A
		WHERE A.CODAGE = #aniversario.codOrgao# AND A.CODPLA = #aniversario.codPlataforma# 
		AND A.NUMCTA = #aniversario.numConta#
		<dynamic prepend="">
			<isNotNull property="aniversario.dataAniversario" prepend="AND"> A.DATUCR = #aniversario.dataAniversario# 
			</isNotNull>
		</dynamic>
	</statement>
</sqlMap>