<?xml version="1.0" encoding="UTF-8" ?>
<!DOCTYPE sqlMapConfig
PUBLIC "-//iBATIS.com//DTD SQL Map Config 2.0//EN" "http://www.ibatis.com/dtd/sql-map-config-2.dtd">
<sqlMapConfig>

	<settings cacheModelsEnabled="false" 
			lazyLoadingEnabled="false" 
			useStatementNamespaces="true"
		    	defaultStatementTimeout="60" />
		
  <typeAlias alias="money" type="br.com.bicbanco.bicbase.ibatis.typeHandlers.MoneyTypeHandler" />
  <typeAlias alias="stringDate" type="br.com.bicbanco.bicbase.ibatis.typeHandlers.StringDateTypeHandler"/>
  <typeAlias alias="stringHour" type="br.com.bicbanco.bicbase.ibatis.typeHandlers.StringHourTypeHandler"/>
  
	<sqlMap resource="ibatis/aniversario.xml"/>
	<sqlMap resource="ibatis/movimento.xml"/>
	<sqlMap resource="ibatis/contaPoupanca.xml"/>
	<sqlMap resource="ibatis/extratoContaPoupanca.xml"/>
	
</sqlMapConfig>