<application>
	<view-handler>com.sun.facelets.FaceletViewHandler</view-handler>
	<message-bundle>facesMessages</message-bundle>
	<message-bundle>customMessages</message-bundle>
	<variable-resolver>org.springframework.web.jsf.DelegatingVariableResolver</variable-resolver>
	<locale-config>
		<default-locale>pt_BR</default-locale>
	</locale-config>
</application>
<lifecycle>
	<phase-listener>
		br.com.bicbanco.bicbase.view.listener.CacheControlPhaseListener
	</phase-listener>
</lifecycle>