<?xml version="1.0"?>
<!DOCTYPE facelet-taglib PUBLIC "-//Sun Microsystems, Inc.//DTD Facelet Taglib 1.0//EN" "facelet-taglib_1_0.dtd">
<facelet-taglib>
	<namespace>http://sourceforge.net/projects/jsf-comp/acegijsf</namespace>
	<tag>
		<tag-name>authorize</tag-name>
		<component>
			<component-type>net.sf.jsfcomp.acegijsf.Authorize</component-type>
		</component>
	</tag>
	<tag>
		<tag-name>authentication</tag-name>
		<component>
			<component-type>net.sf.jsfcomp.acegijsf.Authentication</component-type>
		</component>
	</tag>
</facelet-taglib>