<!DOCTYPE facelet-taglib PUBLIC "-//Sun Microsystems, Inc.//DTD Facelet Taglib 1.0//EN" "facelet-taglib_1_0.dtd">
<facelet-taglib>
	<namespace>http://www.bicbanco.com.br/view</namespace>
	<tag>
		<tag-name>topToolBar</tag-name>
		<source>sourceTags/topToolBar.jsp</source>
	</tag>
	<tag>
		<tag-name>lineToolBar</tag-name>
		<source>sourceTags/lineToolBar.jsp</source>
	</tag>
	<tag>
		<tag-name>menu</tag-name>
		<source>sourceTags/menu.jsp</source>
	</tag>
	<tag>
		<tag-name>message</tag-name>
		<source>sourceTags/message.jsp</source>
	</tag>
	<tag>
		<tag-name>toolBar</tag-name>
		<source>sourceTags/toolBar.jsp</source>
	</tag>
	<tag>
		<tag-name>toolBar2</tag-name>
		<source>sourceTags/toolBar2.jsp</source>
	</tag>
	<tag>
		<tag-name>toolBar3</tag-name>
		<source>sourceTags/toolBar3.jsp</source>
	</tag>	
</facelet-taglib>